HITId,HITTypeId,Title,Description,Keywords,Reward,CreationTime,MaxAssignments,RequesterAnnotation,AssignmentDurationInSeconds,AutoApprovalDelayInSeconds,Expiration,NumberOfSimilarHITs,LifetimeInSeconds,AssignmentId,WorkerId,AssignmentStatus,AcceptTime,SubmitTime,AutoApprovalTime,ApprovalTime,RejectionTime,RequesterFeedback,WorkTimeInSeconds,YourApprovalRate,Input.name,Answer.comment,,Answer.Q1Url,Approve,Reject
1N6QBTAE2W1KWNFVB93NW12T6QHS8S,115JA2O8EWFXWWUKHVS8S46UXTFDB0,Find the Website Address for Museums,"Given the museum information, find the URL for their official website","data collection, museums, listings",$0.05 ,Fri Feb 11 17:46:50 GMT 2011,3,,72000,432000,Wed Feb 16 17:46:50 GMT 2011,11,,10QNFGQEC8RJILWHXLPB99F9E45GCX,A2Y5ZXUULMXFXJ,Submitted,Fri Feb 11 17:52:33 GMT 2011,Fri Feb 11 17:53:33 GMT 2011,Wed Feb 16 17:53:33 GMT 2011,,,,60,0% (0/0),Austin Museum of Art,nice,,http://www.amoa.org,x,
1N6QBTAE2W1KWNFVB93NW12T6QHS8S,115JA2O8EWFXWWUKHVS8S46UXTFDB0,Find the Website Address for Museums,"Given the museum information, find the URL for their official website","data collection, museums, listings",$0.05 ,Fri Feb 11 17:46:50 GMT 2011,3,,72000,432000,Wed Feb 16 17:46:50 GMT 2011,11,,1FFQ8OS3FFBX5S3S7C3W3B491L5AE8,ANPT7EXBQWHNF,Submitted,Fri Feb 11 17:54:13 GMT 2011,Fri Feb 11 17:54:30 GMT 2011,Wed Feb 16 17:54:30 GMT 2011,,,,17,0% (0/0),Austin Museum of Art,,,http://www.amoa.org/site/PageServer,x,
1N6QBTAE2W1KWNFVB93NW12T6QHS8S,115JA2O8EWFXWWUKHVS8S46UXTFDB0,Find the Website Address for Museums,"Given the museum information, find the URL for their official website","data collection, museums, listings",$0.05 ,Fri Feb 11 17:46:50 GMT 2011,3,,72000,432000,Wed Feb 16 17:46:50 GMT 2011,11,,1MOYL5W3LH366KBV4DESY5H51KWVR7,A2TCNISQXXHJ9N,Submitted,Fri Feb 11 17:54:21 GMT 2011,Fri Feb 11 17:54:37 GMT 2011,Wed Feb 16 09:54:37 PST 2011,,,,16,0% (0/0),Austin Museum of Art,,,http://www.amoa.org/,x,
1FKAYPP4YBPUDBQKD1D6NAA28SZ77Y,115JA2O8EWFXWWUKHVS8S46UXTFDB0,Find the Website Address for Museums,"Given the museum information, find the URL for their official website","data collection, museums, listings",$0.05 ,Fri Feb 11 17:46:50 GMT 2011,3,,72000,432000,Wed Feb 16 17:46:50 GMT 2011,1,,18I4T4AYNVMTB2PIJN9T6TJFZSQSF3,A1HTDRTXANRYDS,Submitted,Fri Feb 11 17:48:29 GMT 2011,Fri Feb 11 17:48:44 GMT 2011,Wed Feb 16 17:48:44 GMT 2011,,,,15,0% (0/0),Austin Museum of Digital Art,,,http://www.bing.com/search?setmkt=en-US&q=Austin+Museum+of+Digital+Art,,x
1FKAYPP4YBPUDBQKD1D6NAA28SZ77Y,115JA2O8EWFXWWUKHVS8S46UXTFDB0,Find the Website Address for Museums,"Given the museum information, find the URL for their official website","data collection, museums, listings",$0.05 ,Fri Feb 11 17:46:50 GMT 2011,3,,72000,432000,Wed Feb 16 17:46:50 GMT 2011,1,,1P64OH05PBDJAVS38ON6MEZ6AQHMCB,A1AA8K11MNMZPA,Submitted,Fri Feb 11 17:56:52 GMT 2011,Fri Feb 11 17:57:23 GMT 2011,Wed Feb 16 09:57:23 PST 2011,,,,31,0% (0/0),Austin Museum of Digital Art,,,http://www.amoda.org/,x,
1FKAYPP4YBPUDBQKD1D6NAA28SZ77Y,115JA2O8EWFXWWUKHVS8S46UXTFDB0,Find the Website Address for Museums,"Given the museum information, find the URL for their official website","data collection, museums, listings",$0.05 ,Fri Feb 11 17:46:50 GMT 2011,3,,72000,432000,Wed Feb 16 17:46:50 GMT 2011,1,,1RSJZQF6E99SE82JSUBLR6WJP0NQKF,A24YBVOWKQWQP0,Submitted,Fri Feb 11 17:53:46 GMT 2011,Fri Feb 11 17:53:55 GMT 2011,Wed Feb 16 17:53:55 GMT 2011,,,,9,0% (0/0),Austin Museum of Digital Art,,,http://www.amoda.org/,x,
1XXLGWZD8OK5C06C9KSSCSN3T7X9O2,115JA2O8EWFXWWUKHVS8S46UXTFDB0,Find the Website Address for Museums,"Given the museum information, find the URL for their official website","data collection, museums, listings",$0.05 ,Fri Feb 11 17:46:50 GMT 2011,3,,72000,432000,Wed Feb 16 17:46:50 GMT 2011,1,,18O2QUCX3ZI6UJWVRYPSTF705YUQV1,A1DX0O7J1K5WT2,Submitted,Fri Feb 11 17:55:29 GMT 2011,Fri Feb 11 17:55:59 GMT 2011,Wed Feb 16 09:55:59 PST 2011,,,,30,0% (0/0),French Legation Museum,,,http://www.frenchlegationmuseum.org/,x,
1XXLGWZD8OK5C06C9KSSCSN3T7X9O2,115JA2O8EWFXWWUKHVS8S46UXTFDB0,Find the Website Address for Museums,"Given the museum information, find the URL for their official website","data collection, museums, listings",$0.05 ,Fri Feb 11 17:46:50 GMT 2011,3,,72000,432000,Wed Feb 16 17:46:50 GMT 2011,1,,1GPBKUP1HC1CCSPXBPAGATYM9O937J,A24YBVOWKQWQP0,Submitted,Fri Feb 11 17:53:56 GMT 2011,Fri Feb 11 17:54:17 GMT 2011,Wed Feb 16 17:54:17 GMT 2011,,,,21,0% (0/0),French Legation Museum,,,http://www.frenchlegationmuseum.org/,x,
1XXLGWZD8OK5C06C9KSSCSN3T7X9O2,115JA2O8EWFXWWUKHVS8S46UXTFDB0,Find the Website Address for Museums,"Given the museum information, find the URL for their official website","data collection, museums, listings",$0.05 ,Fri Feb 11 17:46:50 GMT 2011,3,,72000,432000,Wed Feb 16 17:46:50 GMT 2011,1,,1PSORPIFDTTB9BCFUR8EHWA6JFB67S,ANPT7EXBQWHNF,Submitted,Fri Feb 11 17:55:50 GMT 2011,Fri Feb 11 17:56:03 GMT 2011,Wed Feb 16 09:56:03 PST 2011,,,,13,0% (0/0),French Legation Museum,,,http://www.frenchlegationmuseum.org/,x,
1F6CMGN01UVBEGSH37OYL4PMN1EWVG,115JA2O8EWFXWWUKHVS8S46UXTFDB0,Find the Website Address for Museums,"Given the museum information, find the URL for their official website","data collection, museums, listings",$0.05 ,Fri Feb 11 17:46:51 GMT 2011,3,,72000,432000,Wed Feb 16 17:46:51 GMT 2011,5,,18URMK7UFO6SS41U5J9AV9JLR3G8XB,A24YBVOWKQWQP0,Submitted,Fri Feb 11 17:53:04 GMT 2011,Fri Feb 11 17:53:25 GMT 2011,Wed Feb 16 17:53:25 GMT 2011,,,,21,0% (0/0),George Washington Carver Museum and Cultural Center,,,http://www.gwcmuseumculturalcenter.org/,,x
1F6CMGN01UVBEGSH37OYL4PMN1EWVG,115JA2O8EWFXWWUKHVS8S46UXTFDB0,Find the Website Address for Museums,"Given the museum information, find the URL for their official website","data collection, museums, listings",$0.05 ,Fri Feb 11 17:46:51 GMT 2011,3,,72000,432000,Wed Feb 16 17:46:51 GMT 2011,5,,1QMLP4WT4LH15OPMOCPNOBYFNRBSEL,A1KCCOOI9JBBZU,Submitted,Fri Feb 11 17:48:27 GMT 2011,Fri Feb 11 17:50:02 GMT 2011,Wed Feb 16 17:50:02 GMT 2011,,,,95,0% (0/0),George Washington Carver Museum and Cultural Center,,,http://www.gwcmuseumculturalcenter.org,,x
1F6CMGN01UVBEGSH37OYL4PMN1EWVG,115JA2O8EWFXWWUKHVS8S46UXTFDB0,Find the Website Address for Museums,"Given the museum information, find the URL for their official website","data collection, museums, listings",$0.05 ,Fri Feb 11 17:46:51 GMT 2011,3,,72000,432000,Wed Feb 16 17:46:51 GMT 2011,5,,1ZYA4DPUP5HL2O7XGP6K5COKOVSC5C,A1AA8K11MNMZPA,Submitted,Fri Feb 11 18:00:39 GMT 2011,Fri Feb 11 18:01:15 GMT 2011,Wed Feb 16 10:01:15 PST 2011,,,,36,0% (0/0),George Washington Carver Museum and Cultural Center,,,http://www.ci.austin.tx.us/carver/,x,
1QC8ZALRKI7AM5DMFN9M5JTAW1MZIC,115JA2O8EWFXWWUKHVS8S46UXTFDB0,Find the Website Address for Museums,"Given the museum information, find the URL for their official website","data collection, museums, listings",$0.05 ,Fri Feb 11 17:46:50 GMT 2011,3,,72000,432000,Wed Feb 16 17:46:50 GMT 2011,1,,114JU7QN73EVGNUO3ZH9OL5RPREAZE,A1DX0O7J1K5WT2,Submitted,Fri Feb 11 17:54:42 GMT 2011,Fri Feb 11 17:55:29 GMT 2011,Wed Feb 16 17:55:29 GMT 2011,,,,47,0% (0/0),Lyndon Baines Johnson Library and Museum,,,http://www.lbjstore.com/,,x
1QC8ZALRKI7AM5DMFN9M5JTAW1MZIC,115JA2O8EWFXWWUKHVS8S46UXTFDB0,Find the Website Address for Museums,"Given the museum information, find the URL for their official website","data collection, museums, listings",$0.05 ,Fri Feb 11 17:46:50 GMT 2011,3,,72000,432000,Wed Feb 16 17:46:50 GMT 2011,1,,1S9PMH6QPRC2SJFR2PAPUSI26AR5BX,A24YBVOWKQWQP0,Submitted,Fri Feb 11 17:50:47 GMT 2011,Fri Feb 11 17:50:58 GMT 2011,Wed Feb 16 17:50:58 GMT 2011,,,,11,0% (0/0),Lyndon Baines Johnson Library and Museum,,,http://www.lbjlibrary.org/,x,
1QC8ZALRKI7AM5DMFN9M5JTAW1MZIC,115JA2O8EWFXWWUKHVS8S46UXTFDB0,Find the Website Address for Museums,"Given the museum information, find the URL for their official website","data collection, museums, listings",$0.05 ,Fri Feb 11 17:46:50 GMT 2011,3,,72000,432000,Wed Feb 16 17:46:50 GMT 2011,1,,1XEHQZDSVSYO0TL9746O3YITN5WOBL,ALRX4ZQ2NB4I6,Submitted,Fri Feb 11 17:55:19 GMT 2011,Fri Feb 11 17:55:57 GMT 2011,Wed Feb 16 09:55:57 PST 2011,,,,38,0% (0/0),Lyndon Baines Johnson Library and Museum,,,http://www.lbjlibrary.org,x,
16R7E7BEDHY4FU00SPW1VKCN7FJ4O1,115JA2O8EWFXWWUKHVS8S46UXTFDB0,Find the Website Address for Museums,"Given the museum information, find the URL for their official website","data collection, museums, listings",$0.05 ,Fri Feb 11 17:46:51 GMT 2011,3,,72000,432000,Wed Feb 16 17:46:51 GMT 2011,32,,154P60WFZ27WDIBMSHE3ITGUNFASDS,A1HTDRTXANRYDS,Submitted,Fri Feb 11 17:48:17 GMT 2011,Fri Feb 11 17:48:28 GMT 2011,Wed Feb 16 17:48:28 GMT 2011,,,,11,0% (0/0),Neill-Cochran House,,,http://www.bing.com/search?setmkt=en-US&q=Neill-Cochran+House,,x
16R7E7BEDHY4FU00SPW1VKCN7FJ4O1,115JA2O8EWFXWWUKHVS8S46UXTFDB0,Find the Website Address for Museums,"Given the museum information, find the URL for their official website","data collection, museums, listings",$0.05 ,Fri Feb 11 17:46:51 GMT 2011,3,,72000,432000,Wed Feb 16 17:46:51 GMT 2011,32,,18L3NI651TMR27QYJXIS29X32FIW3E,A2TCNISQXXHJ9N,Submitted,Fri Feb 11 17:55:21 GMT 2011,Fri Feb 11 17:55:28 GMT 2011,Wed Feb 16 09:55:28 PST 2011,,,,7,0% (0/0),Neill-Cochran House,,,http://www.nchmuseum.org/,x,
16R7E7BEDHY4FU00SPW1VKCN7FJ4O1,115JA2O8EWFXWWUKHVS8S46UXTFDB0,Find the Website Address for Museums,"Given the museum information, find the URL for their official website","data collection, museums, listings",$0.05 ,Fri Feb 11 17:46:51 GMT 2011,3,,72000,432000,Wed Feb 16 17:46:51 GMT 2011,32,,1R6C6BTLFNZQ12A6AUBXUTIN4UANO9,A24YBVOWKQWQP0,Submitted,Fri Feb 11 17:51:19 GMT 2011,Fri Feb 11 17:51:28 GMT 2011,Wed Feb 16 17:51:28 GMT 2011,,,,9,0% (0/0),Neill-Cochran House,,,http://www.nchmuseum.org/,x,
1FK4O7XINMSAH4H96Y0VGZWD7ZE1XQ,115JA2O8EWFXWWUKHVS8S46UXTFDB0,Find the Website Address for Museums,"Given the museum information, find the URL for their official website","data collection, museums, listings",$0.05 ,Fri Feb 11 17:46:51 GMT 2011,3,,72000,432000,Wed Feb 16 17:46:51 GMT 2011,22,,199H1S832PZ1CI1BM98OEEGRXJJQHB,A2TCNISQXXHJ9N,Submitted,Fri Feb 11 17:53:31 GMT 2011,Fri Feb 11 17:53:37 GMT 2011,Wed Feb 16 17:53:37 GMT 2011,,,,6,0% (0/0),Texas Governor's Mansion,,,http://www.txfgm.org/,x,
1FK4O7XINMSAH4H96Y0VGZWD7ZE1XQ,115JA2O8EWFXWWUKHVS8S46UXTFDB0,Find the Website Address for Museums,"Given the museum information, find the URL for their official website","data collection, museums, listings",$0.05 ,Fri Feb 11 17:46:51 GMT 2011,3,,72000,432000,Wed Feb 16 17:46:51 GMT 2011,22,,1IAUL3LILXUVHGV5OARFGJ9IANWAMX,A24YBVOWKQWQP0,Submitted,Fri Feb 11 17:52:24 GMT 2011,Fri Feb 11 17:52:37 GMT 2011,Wed Feb 16 17:52:37 GMT 2011,,,,13,0% (0/0),Texas Governor's Mansion,,,http://www.txfgm.org/,x,
1FK4O7XINMSAH4H96Y0VGZWD7ZE1XQ,115JA2O8EWFXWWUKHVS8S46UXTFDB0,Find the Website Address for Museums,"Given the museum information, find the URL for their official website","data collection, museums, listings",$0.05 ,Fri Feb 11 17:46:51 GMT 2011,3,,72000,432000,Wed Feb 16 17:46:51 GMT 2011,22,,1LVQDAMONV57DT3YZKJT0RKGB85MXD,ALRX4ZQ2NB4I6,Submitted,Fri Feb 11 18:00:29 GMT 2011,Fri Feb 11 18:01:45 GMT 2011,Wed Feb 16 10:01:45 PST 2011,,,,76,0% (0/0),Texas Governor's Mansion,,,http://www.txfgm.org,x,
1QQDIKQJQW76HGXSX5UMHK8A9GBZJO,115JA2O8EWFXWWUKHVS8S46UXTFDB0,Find the Website Address for Museums,"Given the museum information, find the URL for their official website","data collection, museums, listings",$0.05 ,Fri Feb 11 17:46:51 GMT 2011,3,,72000,432000,Wed Feb 16 17:46:51 GMT 2011,31,,10ZQG8NTDFVQCEBWEF312MGIM7RFZW,A1KCCOOI9JBBZU,Submitted,Fri Feb 11 17:50:29 GMT 2011,Fri Feb 11 17:51:11 GMT 2011,Wed Feb 16 17:51:11 GMT 2011,,,,42,0% (0/0),Lady Bird Johnson Wildflower Center,,,http://www.wildflower.org,x,
1QQDIKQJQW76HGXSX5UMHK8A9GBZJO,115JA2O8EWFXWWUKHVS8S46UXTFDB0,Find the Website Address for Museums,"Given the museum information, find the URL for their official website","data collection, museums, listings",$0.05 ,Fri Feb 11 17:46:51 GMT 2011,3,,72000,432000,Wed Feb 16 17:46:51 GMT 2011,31,,16NO784TJ2AYE2OYZ54HIM257KV0AC,A24YBVOWKQWQP0,Submitted,Fri Feb 11 17:50:00 GMT 2011,Fri Feb 11 17:50:09 GMT 2011,Wed Feb 16 17:50:09 GMT 2011,,,,9,0% (0/0),Lady Bird Johnson Wildflower Center,,,http://www.wildflower.org/,x,
1QQDIKQJQW76HGXSX5UMHK8A9GBZJO,115JA2O8EWFXWWUKHVS8S46UXTFDB0,Find the Website Address for Museums,"Given the museum information, find the URL for their official website","data collection, museums, listings",$0.05 ,Fri Feb 11 17:46:51 GMT 2011,3,,72000,432000,Wed Feb 16 17:46:51 GMT 2011,31,,16TVZAUSID1FHA0KSFX7551Q6O0L1I,A32M5FDKCPHMA,Submitted,Fri Feb 11 17:50:45 GMT 2011,Fri Feb 11 17:51:39 GMT 2011,Wed Feb 16 09:51:39 PST 2011,,,,54,0% (0/0),Lady Bird Johnson Wildflower Center,,,www.wildflower.org,x,
1P3ZGSUOSU2NX0IDOK571SST3CT9PJ,115JA2O8EWFXWWUKHVS8S46UXTFDB0,Find the Website Address for Museums,"Given the museum information, find the URL for their official website","data collection, museums, listings",$0.05 ,Fri Feb 11 17:46:51 GMT 2011,3,,72000,432000,Wed Feb 16 17:46:51 GMT 2011,1,,13UDFODMZUQHFNTAQIPMSCWYXGMB7I,ALRX4ZQ2NB4I6,Submitted,Fri Feb 11 17:55:57 GMT 2011,Fri Feb 11 17:57:17 GMT 2011,Wed Feb 16 17:57:17 GMT 2011,,,,80,0% (0/0),Arthouse at the Jones Center,,,http://www.arthousetexas.org,x,
1P3ZGSUOSU2NX0IDOK571SST3CT9PJ,115JA2O8EWFXWWUKHVS8S46UXTFDB0,Find the Website Address for Museums,"Given the museum information, find the URL for their official website","data collection, museums, listings",$0.05 ,Fri Feb 11 17:46:51 GMT 2011,3,,72000,432000,Wed Feb 16 17:46:51 GMT 2011,1,,1JJNNX5C7Q3LHAD7E5L18YDZUZKXI7,A24YBVOWKQWQP0,Submitted,Fri Feb 11 17:51:29 GMT 2011,Fri Feb 11 17:51:37 GMT 2011,Wed Feb 16 17:51:37 GMT 2011,,,,8,0% (0/0),Arthouse at the Jones Center,,,http://www.arthousetexas.org/,x,
1P3ZGSUOSU2NX0IDOK571SST3CT9PJ,115JA2O8EWFXWWUKHVS8S46UXTFDB0,Find the Website Address for Museums,"Given the museum information, find the URL for their official website","data collection, museums, listings",$0.05 ,Fri Feb 11 17:46:51 GMT 2011,3,,72000,432000,Wed Feb 16 17:46:51 GMT 2011,1,,1TAAASLBVYD187WUQ0DJYUHYIEU49I,AM0JKZVOEOTMA,Submitted,Fri Feb 11 18:00:29 GMT 2011,Fri Feb 11 18:00:55 GMT 2011,Wed Feb 16 10:00:55 PST 2011,,,,26,0% (0/0),Arthouse at the Jones Center,,,www.arthousetexas.org,x,
1WW4OH05PBDJAVS38ON6MEZ64SKMCG,115JA2O8EWFXWWUKHVS8S46UXTFDB0,Find the Website Address for Museums,"Given the museum information, find the URL for their official website","data collection, museums, listings",$0.05 ,Fri Feb 11 17:46:51 GMT 2011,3,,72000,432000,Wed Feb 16 17:46:51 GMT 2011,29,,16R91O0KUD6FHU2HO2KGZ13YZBLVGB,A2TCNISQXXHJ9N,Submitted,Fri Feb 11 17:52:32 GMT 2011,Fri Feb 11 17:52:49 GMT 2011,Wed Feb 16 09:52:49 PST 2011,,,,17,0% (0/0),Umlauf Sculpture Garden,,,http://umlaufsculpture.org/,x,
1WW4OH05PBDJAVS38ON6MEZ64SKMCG,115JA2O8EWFXWWUKHVS8S46UXTFDB0,Find the Website Address for Museums,"Given the museum information, find the URL for their official website","data collection, museums, listings",$0.05 ,Fri Feb 11 17:46:51 GMT 2011,3,,72000,432000,Wed Feb 16 17:46:51 GMT 2011,29,,1T6NVWJ7HD0PPL5AKXPM1B7EBL72UA,A24YBVOWKQWQP0,Submitted,Fri Feb 11 17:52:14 GMT 2011,Fri Feb 11 17:52:23 GMT 2011,Wed Feb 16 09:52:23 PST 2011,,,,9,0% (0/0),Umlauf Sculpture Garden,,,http://www.umlaufsculpture.org/,x,
1WW4OH05PBDJAVS38ON6MEZ64SKMCG,115JA2O8EWFXWWUKHVS8S46UXTFDB0,Find the Website Address for Museums,"Given the museum information, find the URL for their official website","data collection, museums, listings",$0.05 ,Fri Feb 11 17:46:51 GMT 2011,3,,72000,432000,Wed Feb 16 17:46:51 GMT 2011,29,,1VR618N4HGKM2VTXG3YWXSTNKOTQA0,A3FEJ3YZ2OXGMW,Submitted,Fri Feb 11 17:52:23 GMT 2011,Fri Feb 11 17:52:38 GMT 2011,Wed Feb 16 09:52:38 PST 2011,,,,15,0% (0/0),Umlauf Sculpture Garden,,,http://umlaufsculpture.org/,x,
19DQIIVWYF5KASY5G191WXX4QWZS9H,115JA2O8EWFXWWUKHVS8S46UXTFDB0,Find the Website Address for Museums,"Given the museum information, find the URL for their official website","data collection, museums, listings",$0.05 ,Fri Feb 11 17:46:51 GMT 2011,3,,72000,432000,Wed Feb 16 17:46:51 GMT 2011,11,,18XP0KDX0EWZMZHO7GOGDKCOLX81ZH,A24YBVOWKQWQP0,Submitted,Fri Feb 11 17:47:48 GMT 2011,Fri Feb 11 17:48:03 GMT 2011,Wed Feb 16 17:48:03 GMT 2011,,,,15,0% (0/0),Bob Bullock Texas State History Museum,,,http://www.thestoryoftexas.com/,x,
19DQIIVWYF5KASY5G191WXX4QWZS9H,115JA2O8EWFXWWUKHVS8S46UXTFDB0,Find the Website Address for Museums,"Given the museum information, find the URL for their official website","data collection, museums, listings",$0.05 ,Fri Feb 11 17:46:51 GMT 2011,3,,72000,432000,Wed Feb 16 17:46:51 GMT 2011,11,,1OWBVZ4JUTF2HPUFFX4NJZSBW1IW23,ANPT7EXBQWHNF,Submitted,Fri Feb 11 17:55:02 GMT 2011,Fri Feb 11 17:55:25 GMT 2011,Wed Feb 16 09:55:25 PST 2011,,,,23,0% (0/0),Bob Bullock Texas State History Museum,,,http://www.thestoryoftexas.com/,x,
19DQIIVWYF5KASY5G191WXX4QWZS9H,115JA2O8EWFXWWUKHVS8S46UXTFDB0,Find the Website Address for Museums,"Given the museum information, find the URL for their official website","data collection, museums, listings",$0.05 ,Fri Feb 11 17:46:51 GMT 2011,3,,72000,432000,Wed Feb 16 17:46:51 GMT 2011,11,,1SDKR2DU4K1M6VIGBJXLAOBVYUE2LG,A1DX0O7J1K5WT2,Submitted,Fri Feb 11 17:50:01 GMT 2011,Fri Feb 11 17:50:59 GMT 2011,Wed Feb 16 17:50:59 GMT 2011,,,,58,0% (0/0),Bob Bullock Texas State History Museum,,,http://www.thestoryoftexas.com/,x,
1H6HYWEPG78YDPV3N65C1A6XJC578L,115JA2O8EWFXWWUKHVS8S46UXTFDB0,Find the Website Address for Museums,"Given the museum information, find the URL for their official website","data collection, museums, listings",$0.05 ,Fri Feb 11 17:46:51 GMT 2011,3,,72000,432000,Wed Feb 16 17:46:51 GMT 2011,0,,15CCT1OPWRII8UJEBLX1DN46G9SACF,A3FEJ3YZ2OXGMW,Submitted,Fri Feb 11 17:51:34 GMT 2011,Fri Feb 11 17:52:09 GMT 2011,Wed Feb 16 17:52:09 GMT 2011,,,,35,0% (0/0),O. Henry Museum,,,http://www.ci.austin.tx.us,,x
1H6HYWEPG78YDPV3N65C1A6XJC578L,115JA2O8EWFXWWUKHVS8S46UXTFDB0,Find the Website Address for Museums,"Given the museum information, find the URL for their official website","data collection, museums, listings",$0.05 ,Fri Feb 11 17:46:51 GMT 2011,3,,72000,432000,Wed Feb 16 17:46:51 GMT 2011,0,,16XXR16D1HTG9LOJ6HG7AKLMS8XHNG,AM0JKZVOEOTMA,Submitted,Fri Feb 11 18:02:02 GMT 2011,Fri Feb 11 18:08:48 GMT 2011,Wed Feb 16 10:08:48 PST 2011,,,,406,0% (0/0),O. Henry Museum,,,http://www.ci.austin.tx.us/ohenry/programs.htm,,x
1H6HYWEPG78YDPV3N65C1A6XJC578L,115JA2O8EWFXWWUKHVS8S46UXTFDB0,Find the Website Address for Museums,"Given the museum information, find the URL for their official website","data collection, museums, listings",$0.05 ,Fri Feb 11 17:46:51 GMT 2011,3,,72000,432000,Wed Feb 16 17:46:51 GMT 2011,0,,1IQ13IIWQGKCXGXE3BQSR5KF34F2PE,A1AA8K11MNMZPA,Submitted,Fri Feb 11 17:50:55 GMT 2011,Fri Feb 11 17:51:57 GMT 2011,Wed Feb 16 17:51:57 GMT 2011,,,,62,0% (0/0),O. Henry Museum,,,http://www.ci.austin.tx.us/ohenry,x,
117FO514P6O0RSV23YEZ16HEFK5KA8,115JA2O8EWFXWWUKHVS8S46UXTFDB0,Find the Website Address for Museums,"Given the museum information, find the URL for their official website","data collection, museums, listings",$0.05 ,Fri Feb 11 17:46:51 GMT 2011,3,,72000,432000,Wed Feb 16 17:46:51 GMT 2011,1,,12A2UZ1DXH0LU7VGRLA3TAHQ028VPF,A1DX0O7J1K5WT2,Submitted,Fri Feb 11 17:54:33 GMT 2011,Fri Feb 11 17:54:42 GMT 2011,Wed Feb 16 17:54:42 GMT 2011,,,,9,0% (0/0),Austin History Center,,,http://www.ci.austin.tx.us,,x
117FO514P6O0RSV23YEZ16HEFK5KA8,115JA2O8EWFXWWUKHVS8S46UXTFDB0,Find the Website Address for Museums,"Given the museum information, find the URL for their official website","data collection, museums, listings",$0.05 ,Fri Feb 11 17:46:51 GMT 2011,3,,72000,432000,Wed Feb 16 17:46:51 GMT 2011,1,,1K36LG93RD9C7GBN444GJSC0D99LYG,A1AA8K11MNMZPA,Submitted,Fri Feb 11 17:54:50 GMT 2011,Fri Feb 11 17:55:16 GMT 2011,Wed Feb 16 09:55:16 PST 2011,,,,26,0% (0/0),Austin History Center,,,http://www.ci.austin.tx.us/library/ahc,x,
117FO514P6O0RSV23YEZ16HEFK5KA8,115JA2O8EWFXWWUKHVS8S46UXTFDB0,Find the Website Address for Museums,"Given the museum information, find the URL for their official website","data collection, museums, listings",$0.05 ,Fri Feb 11 17:46:51 GMT 2011,3,,72000,432000,Wed Feb 16 17:46:51 GMT 2011,1,,1Q5HNNPTXXTNCM6023Q6TE4QIJ6QGC,A2Y5ZXUULMXFXJ,Submitted,Fri Feb 11 17:53:51 GMT 2011,Fri Feb 11 17:54:39 GMT 2011,Wed Feb 16 17:54:39 GMT 2011,,,,48,0% (0/0),Austin History Center,,,http://www.ci.austin.tx.us,,x
1YXLE36PXNGM0UC17P9GKKHDHKF4PI,115JA2O8EWFXWWUKHVS8S46UXTFDB0,Find the Website Address for Museums,"Given the museum information, find the URL for their official website","data collection, museums, listings",$0.05 ,Fri Feb 11 17:46:51 GMT 2011,3,,72000,432000,Wed Feb 16 17:46:51 GMT 2011,24,,14PFMERT91P7C02HE99N8TGPQCMXZ4,A1KCCOOI9JBBZU,Submitted,Fri Feb 11 17:54:07 GMT 2011,Fri Feb 11 17:54:29 GMT 2011,Wed Feb 16 09:54:29 PST 2011,,,,22,0% (0/0),Jacob Fontaine Religious Museum,,,http://jacobfontainereligiousmuseum.org/,x,
1YXLE36PXNGM0UC17P9GKKHDHKF4PI,115JA2O8EWFXWWUKHVS8S46UXTFDB0,Find the Website Address for Museums,"Given the museum information, find the URL for their official website","data collection, museums, listings",$0.05 ,Fri Feb 11 17:46:51 GMT 2011,3,,72000,432000,Wed Feb 16 17:46:51 GMT 2011,24,,16KB1JV660DCJWID2HKLG3L01NW5HD,A2TCNISQXXHJ9N,Submitted,Fri Feb 11 17:53:59 GMT 2011,Fri Feb 11 17:54:04 GMT 2011,Wed Feb 16 17:54:04 GMT 2011,,,,5,0% (0/0),Jacob Fontaine Religious Museum,,,http://jacobfontainereligiousmuseum.org/,x,
1YXLE36PXNGM0UC17P9GKKHDHKF4PI,115JA2O8EWFXWWUKHVS8S46UXTFDB0,Find the Website Address for Museums,"Given the museum information, find the URL for their official website","data collection, museums, listings",$0.05 ,Fri Feb 11 17:46:51 GMT 2011,3,,72000,432000,Wed Feb 16 17:46:51 GMT 2011,24,,1M1K2TMJ9MD4TS4O5FFYLNIWNZ5N54,A24YBVOWKQWQP0,Submitted,Fri Feb 11 17:48:51 GMT 2011,Fri Feb 11 17:49:01 GMT 2011,Wed Feb 16 17:49:01 GMT 2011,,,,10,0% (0/0),Jacob Fontaine Religious Museum,,,http://jacobfontainereligiousmuseum.org/,x,
1Q69977KGOXOO4RLCA6Q5ONNB5YF6B,115JA2O8EWFXWWUKHVS8S46UXTFDB0,Find the Website Address for Museums,"Given the museum information, find the URL for their official website","data collection, museums, listings",$0.05 ,Fri Feb 11 17:46:51 GMT 2011,3,,72000,432000,Wed Feb 16 17:46:51 GMT 2011,1,,111YIUA8UBA6BSU92HTOR0PGHRGXA4,A32M5FDKCPHMA,Submitted,Fri Feb 11 18:01:21 GMT 2011,Fri Feb 11 18:01:48 GMT 2011,Wed Feb 16 10:01:48 PST 2011,,,,27,0% (0/0),Blanton Museum of Art,,,http://blantonmuseum.org,x,
1Q69977KGOXOO4RLCA6Q5ONNB5YF6B,115JA2O8EWFXWWUKHVS8S46UXTFDB0,Find the Website Address for Museums,"Given the museum information, find the URL for their official website","data collection, museums, listings",$0.05 ,Fri Feb 11 17:46:51 GMT 2011,3,,72000,432000,Wed Feb 16 17:46:51 GMT 2011,1,,1CZ4T8W82LHFXAE0FM6CI45XYQ6KI6,A24YBVOWKQWQP0,Submitted,Fri Feb 11 17:49:02 GMT 2011,Fri Feb 11 17:49:11 GMT 2011,Wed Feb 16 17:49:11 GMT 2011,,,,9,0% (0/0),Blanton Museum of Art,,,http://blantonmuseum.org/,x,
1Q69977KGOXOO4RLCA6Q5ONNB5YF6B,115JA2O8EWFXWWUKHVS8S46UXTFDB0,Find the Website Address for Museums,"Given the museum information, find the URL for their official website","data collection, museums, listings",$0.05 ,Fri Feb 11 17:46:51 GMT 2011,3,,72000,432000,Wed Feb 16 17:46:51 GMT 2011,1,,1DI3J0NZIJ42VGE8GHKVWKGPI49YNV,A2TCNISQXXHJ9N,Submitted,Fri Feb 11 17:56:09 GMT 2011,Fri Feb 11 17:56:20 GMT 2011,Wed Feb 16 17:56:20 GMT 2011,,,,11,0% (0/0),Blanton Museum of Art,,,http://blantonmuseum.org/,x,
14VWSPIP4W31S03AFQUYIZ8NO5BZKN,115JA2O8EWFXWWUKHVS8S46UXTFDB0,Find the Website Address for Museums,"Given the museum information, find the URL for their official website","data collection, museums, listings",$0.05 ,Fri Feb 11 17:46:51 GMT 2011,3,,72000,432000,Wed Feb 16 17:46:51 GMT 2011,29,,1DGHBY1F4F6KVEVJ27K3MVWAHWV088,A1KHIX71LP8OZ,Submitted,Fri Feb 11 17:49:50 GMT 2011,Fri Feb 11 17:49:57 GMT 2011,Wed Feb 16 17:49:57 GMT 2011,,,,7,0% (0/0),Texas Memorial Museum,,,http://www.utexas.edu/tmm/,x,
14VWSPIP4W31S03AFQUYIZ8NO5BZKN,115JA2O8EWFXWWUKHVS8S46UXTFDB0,Find the Website Address for Museums,"Given the museum information, find the URL for their official website","data collection, museums, listings",$0.05 ,Fri Feb 11 17:46:51 GMT 2011,3,,72000,432000,Wed Feb 16 17:46:51 GMT 2011,29,,1VYVMQJNLGYRL5YPMHYSS3DT26EQBV,A24YBVOWKQWQP0,Submitted,Fri Feb 11 17:52:37 GMT 2011,Fri Feb 11 17:52:50 GMT 2011,Wed Feb 16 09:52:50 PST 2011,,,,13,0% (0/0),Texas Memorial Museum,,,http://www.utexas.edu/tmm/,x,
14VWSPIP4W31S03AFQUYIZ8NO5BZKN,115JA2O8EWFXWWUKHVS8S46UXTFDB0,Find the Website Address for Museums,"Given the museum information, find the URL for their official website","data collection, museums, listings",$0.05 ,Fri Feb 11 17:46:51 GMT 2011,3,,72000,432000,Wed Feb 16 17:46:51 GMT 2011,29,,1ZKICLL21A33WSUF7VNJ8OAHCQ2UO7,A2QY04F1KKHFVA,Submitted,Fri Feb 11 17:49:10 GMT 2011,Fri Feb 11 17:50:35 GMT 2011,Wed Feb 16 17:50:35 GMT 2011,,,,85,0% (0/0),Texas Memorial Museum,,,http://www.utexas.edu/tmm/,x,
1VHZCN58YCK8XCJSOXKW1XI388F9QA,115JA2O8EWFXWWUKHVS8S46UXTFDB0,Find the Website Address for Museums,"Given the museum information, find the URL for their official website","data collection, museums, listings",$0.05 ,Fri Feb 11 17:46:51 GMT 2011,3,,72000,432000,Wed Feb 16 17:46:51 GMT 2011,11,,12LLL48OR0UN7BLDZ8IE0E5RB3EXLL,A24YBVOWKQWQP0,Submitted,Fri Feb 11 17:51:38 GMT 2011,Fri Feb 11 17:51:48 GMT 2011,Wed Feb 16 17:51:48 GMT 2011,,,,10,0% (0/0),Harry Ransom Humanities Research Center,,,http://www.hrc.utexas.edu/,x,
1VHZCN58YCK8XCJSOXKW1XI388F9QA,115JA2O8EWFXWWUKHVS8S46UXTFDB0,Find the Website Address for Museums,"Given the museum information, find the URL for their official website","data collection, museums, listings",$0.05 ,Fri Feb 11 17:46:51 GMT 2011,3,,72000,432000,Wed Feb 16 17:46:51 GMT 2011,11,,15GXHISVPOV341E8128DR25LUUMB1L,A2TCNISQXXHJ9N,Submitted,Fri Feb 11 17:54:50 GMT 2011,Fri Feb 11 17:54:56 GMT 2011,Wed Feb 16 09:54:56 PST 2011,,,,6,0% (0/0),Harry Ransom Humanities Research Center,,,http://www.hrc.utexas.edu/,x,
1VHZCN58YCK8XCJSOXKW1XI388F9QA,115JA2O8EWFXWWUKHVS8S46UXTFDB0,Find the Website Address for Museums,"Given the museum information, find the URL for their official website","data collection, museums, listings",$0.05 ,Fri Feb 11 17:46:51 GMT 2011,3,,72000,432000,Wed Feb 16 17:46:51 GMT 2011,11,,1UIWG2VBGV5B4ZNYQM3EYNDS95XQOZ,A32M5FDKCPHMA,Submitted,Fri Feb 11 17:54:44 GMT 2011,Fri Feb 11 17:55:01 GMT 2011,Wed Feb 16 09:55:01 PST 2011,,,,17,0% (0/0),Harry Ransom Humanities Research Center,,,http://www.hrc.utexas.edu,x,
1ZCU41NC29VOT5SMTHTU7680UAGWWQ,115JA2O8EWFXWWUKHVS8S46UXTFDB0,Find the Website Address for Museums,"Given the museum information, find the URL for their official website","data collection, museums, listings",$0.05 ,Fri Feb 11 17:46:51 GMT 2011,3,,72000,432000,Wed Feb 16 17:46:51 GMT 2011,1,,11FD6JBJDHI6CQNN1JS33DZ89K4JYC,ALRX4ZQ2NB4I6,Submitted,Fri Feb 11 17:59:36 GMT 2011,Fri Feb 11 18:00:28 GMT 2011,Wed Feb 16 10:00:28 PST 2011,,,,52,0% (0/0),South Austin Museum of Popular Culture,,,http://samopc.org,x,
1ZCU41NC29VOT5SMTHTU7680UAGWWQ,115JA2O8EWFXWWUKHVS8S46UXTFDB0,Find the Website Address for Museums,"Given the museum information, find the URL for their official website","data collection, museums, listings",$0.05 ,Fri Feb 11 17:46:51 GMT 2011,3,,72000,432000,Wed Feb 16 17:46:51 GMT 2011,1,,15CIG3A72RCLRMJ3B6XBPLCV0N7VNJ,A24YBVOWKQWQP0,Submitted,Fri Feb 11 17:53:26 GMT 2011,Fri Feb 11 17:53:36 GMT 2011,Wed Feb 16 17:53:36 GMT 2011,,,,10,0% (0/0),South Austin Museum of Popular Culture,,,http://samopc.org/,x,
1ZCU41NC29VOT5SMTHTU7680UAGWWQ,115JA2O8EWFXWWUKHVS8S46UXTFDB0,Find the Website Address for Museums,"Given the museum information, find the URL for their official website","data collection, museums, listings",$0.05 ,Fri Feb 11 17:46:51 GMT 2011,3,,72000,432000,Wed Feb 16 17:46:51 GMT 2011,1,,1RE8TJXO3NYXYPXD5BR5GMJTGTC16R,A2Y5ZXUULMXFXJ,Submitted,Fri Feb 11 17:55:30 GMT 2011,Fri Feb 11 17:56:13 GMT 2011,Wed Feb 16 17:56:13 GMT 2011,,,,43,0% (0/0),South Austin Museum of Popular Culture,nice,,http://www.elisabetney.org,,x
1LHMK0453GWTFNYH8KIH6KHOPSWMDG,115JA2O8EWFXWWUKHVS8S46UXTFDB0,Find the Website Address for Museums,"Given the museum information, find the URL for their official website","data collection, museums, listings",$0.05 ,Fri Feb 11 17:46:51 GMT 2011,3,,72000,432000,Wed Feb 16 17:46:51 GMT 2011,0,,10I707UOHQ1Y1A1VNIHC6XMG4C8YE6,A1AA8K11MNMZPA,Submitted,Fri Feb 11 17:55:22 GMT 2011,Fri Feb 11 17:55:54 GMT 2011,Wed Feb 16 17:55:54 GMT 2011,,,,32,0% (0/0),Elisabet Ney Museum,,,http://www.ci.austin.tx.us/elisabetney/,,
1LHMK0453GWTFNYH8KIH6KHOPSWMDG,115JA2O8EWFXWWUKHVS8S46UXTFDB0,Find the Website Address for Museums,"Given the museum information, find the URL for their official website","data collection, museums, listings",$0.05 ,Fri Feb 11 17:46:51 GMT 2011,3,,72000,432000,Wed Feb 16 17:46:51 GMT 2011,0,,11FD6JBJDHI6CQNN1JS33DZ89K4YJR,ANPT7EXBQWHNF,Submitted,Fri Feb 11 17:55:25 GMT 2011,Fri Feb 11 17:55:50 GMT 2011,Wed Feb 16 17:55:50 GMT 2011,,,,25,0% (0/0),Elisabet Ney Museum,,,http://www.cityofaustin.org/elisabetney/default.htm,x,
1LHMK0453GWTFNYH8KIH6KHOPSWMDG,115JA2O8EWFXWWUKHVS8S46UXTFDB0,Find the Website Address for Museums,"Given the museum information, find the URL for their official website","data collection, museums, listings",$0.05 ,Fri Feb 11 17:46:51 GMT 2011,3,,72000,432000,Wed Feb 16 17:46:51 GMT 2011,0,,19B5BSLEYSPZFAW6BXKGZFTEG530ZE,ALRX4ZQ2NB4I6,Submitted,Fri Feb 11 17:57:17 GMT 2011,Fri Feb 11 17:58:00 GMT 2011,Wed Feb 16 09:58:00 PST 2011,,,,43,0% (0/0),Elisabet Ney Museum,,,http://www.cityofaustin.org/elisabetney/default.htm,x,
13DH5LZ7CQCYRUEDSYBQ16183IN79A,115JA2O8EWFXWWUKHVS8S46UXTFDB0,Find the Website Address for Museums,"Given the museum information, find the URL for their official website","data collection, museums, listings",$0.05 ,Fri Feb 11 17:46:51 GMT 2011,3,,72000,432000,Wed Feb 16 17:46:51 GMT 2011,1,,16TIXN44AFFXSAK5R06MKFOYKU68LP,A24YBVOWKQWQP0,Submitted,Fri Feb 11 17:51:48 GMT 2011,Fri Feb 11 17:51:59 GMT 2011,Wed Feb 16 17:51:59 GMT 2011,,,,11,0% (0/0),Mexic-Arte Museum,,,http://www.mexic-artemuseum.org/,x,
13DH5LZ7CQCYRUEDSYBQ16183IN79A,115JA2O8EWFXWWUKHVS8S46UXTFDB0,Find the Website Address for Museums,"Given the museum information, find the URL for their official website","data collection, museums, listings",$0.05 ,Fri Feb 11 17:46:51 GMT 2011,3,,72000,432000,Wed Feb 16 17:46:51 GMT 2011,1,,1CI4FVH82D9UC56V8HZOL010T48WE5,A2Y5ZXUULMXFXJ,Submitted,Fri Feb 11 17:56:28 GMT 2011,Fri Feb 11 17:57:07 GMT 2011,Wed Feb 16 09:57:07 PST 2011,,,,39,0% (0/0),Mexic-Arte Museum,nice,,http://www.mexic-artemuseum.org,x,
13DH5LZ7CQCYRUEDSYBQ16183IN79A,115JA2O8EWFXWWUKHVS8S46UXTFDB0,Find the Website Address for Museums,"Given the museum information, find the URL for their official website","data collection, museums, listings",$0.05 ,Fri Feb 11 17:46:51 GMT 2011,3,,72000,432000,Wed Feb 16 17:46:51 GMT 2011,1,,1T0ELEC4RAH91C6TUGED1IOVN4K3IE,A1DX0O7J1K5WT2,Submitted,Fri Feb 11 17:55:59 GMT 2011,Fri Feb 11 17:56:26 GMT 2011,Wed Feb 16 09:56:26 PST 2011,,,,27,0% (0/0),Mexic-Arte Museum,,,http://www.mexic-artemuseum.org/,x,
11E49NXNT625A20U9CEVWH1KX2QKB3,115JA2O8EWFXWWUKHVS8S46UXTFDB0,Find the Website Address for Museums,"Given the museum information, find the URL for their official website","data collection, museums, listings",$0.05 ,Fri Feb 11 17:46:51 GMT 2011,3,,72000,432000,Wed Feb 16 17:46:51 GMT 2011,22,,1DC4P1B50K2FT57E9RC97HECIMJ34Z,AM0JKZVOEOTMA,Submitted,Fri Feb 11 17:54:44 GMT 2011,Fri Feb 11 17:55:10 GMT 2011,Wed Feb 16 09:55:10 PST 2011,,,,26,0% (0/0),Texas State Capitol,,,http://www.tspb.state.tx.us,,x
11E49NXNT625A20U9CEVWH1KX2QKB3,115JA2O8EWFXWWUKHVS8S46UXTFDB0,Find the Website Address for Museums,"Given the museum information, find the URL for their official website","data collection, museums, listings",$0.05 ,Fri Feb 11 17:46:51 GMT 2011,3,,72000,432000,Wed Feb 16 17:46:51 GMT 2011,22,,1JCQ67OWZTH8M2M7PUOCJTNDEZ5PNR,ALRX4ZQ2NB4I6,Submitted,Fri Feb 11 17:51:19 GMT 2011,Fri Feb 11 17:54:34 GMT 2011,Wed Feb 16 17:54:34 GMT 2011,,,,195,0% (0/0),Texas State Capitol,,,http://www.tspb.state.tx.us/spb/capitol/texcap.htm,x,
11E49NXNT625A20U9CEVWH1KX2QKB3,115JA2O8EWFXWWUKHVS8S46UXTFDB0,Find the Website Address for Museums,"Given the museum information, find the URL for their official website","data collection, museums, listings",$0.05 ,Fri Feb 11 17:46:51 GMT 2011,3,,72000,432000,Wed Feb 16 17:46:51 GMT 2011,22,,1Z0J5DA5YKS99ZTUMQB2C4J7VW3025,A1DX0O7J1K5WT2,Submitted,Fri Feb 11 17:48:57 GMT 2011,Fri Feb 11 17:50:01 GMT 2011,Wed Feb 16 17:50:01 GMT 2011,,,,64,0% (0/0),Texas State Capitol,,,http://www.tspb.state.tx.us/,,x
17JSXRDV2VIEUO0EXCI17TQCHB2UAE,115JA2O8EWFXWWUKHVS8S46UXTFDB0,Find the Website Address for Museums,"Given the museum information, find the URL for their official website","data collection, museums, listings",$0.05 ,Fri Feb 11 17:46:52 GMT 2011,3,,72000,432000,Wed Feb 16 17:46:52 GMT 2011,31,,19PRC5FAQOAGB5UG8YL8U9Y3U592JE,ALRX4ZQ2NB4I6,Submitted,Fri Feb 11 17:49:48 GMT 2011,Fri Feb 11 17:51:12 GMT 2011,Wed Feb 16 09:51:12 PST 2011,,,,84,0% (0/0),Austin Children's Museum,,,http://www.austinkids.org,x,
17JSXRDV2VIEUO0EXCI17TQCHB2UAE,115JA2O8EWFXWWUKHVS8S46UXTFDB0,Find the Website Address for Museums,"Given the museum information, find the URL for their official website","data collection, museums, listings",$0.05 ,Fri Feb 11 17:46:52 GMT 2011,3,,72000,432000,Wed Feb 16 17:46:52 GMT 2011,31,,1GMXPD0SHMNSIANM8IBIS3TGBGCWYJ,A1AA8K11MNMZPA,Submitted,Fri Feb 11 17:49:35 GMT 2011,Fri Feb 11 17:50:14 GMT 2011,Wed Feb 16 17:50:14 GMT 2011,,,,39,0% (0/0),Austin Children's Museum,,,http://www.austinkids.org,x,
17JSXRDV2VIEUO0EXCI17TQCHB2UAE,115JA2O8EWFXWWUKHVS8S46UXTFDB0,Find the Website Address for Museums,"Given the museum information, find the URL for their official website","data collection, museums, listings",$0.05 ,Fri Feb 11 17:46:52 GMT 2011,3,,72000,432000,Wed Feb 16 17:46:52 GMT 2011,31,,1QXT8NA08NMIY2JMDH8X61JO945PLP,AM0JKZVOEOTMA,Submitted,Fri Feb 11 17:49:52 GMT 2011,Fri Feb 11 17:50:15 GMT 2011,Wed Feb 16 17:50:15 GMT 2011,,,,23,0% (0/0),Austin Children's Museum,,,www.austinkids.org,x,
1GZH1S832PZ1CI1BM98OEEGRRLNHQ8,115JA2O8EWFXWWUKHVS8S46UXTFDB0,Find the Website Address for Museums,"Given the museum information, find the URL for their official website","data collection, museums, listings",$0.05 ,Fri Feb 11 17:46:52 GMT 2011,3,,72000,432000,Wed Feb 16 17:46:52 GMT 2011,1,,15B8OC0DS4WKKZZQKYINIWIOHD5H2O,A17RPF5ZMO75GW,Submitted,Fri Feb 11 17:56:34 GMT 2011,Fri Feb 11 17:56:54 GMT 2011,Wed Feb 16 17:56:54 GMT 2011,,,,20,0% (0/0),Austin Science & Nature Center,,,http://www.ci.austin.tx.us/ansc/,x,
1GZH1S832PZ1CI1BM98OEEGRRLNHQ8,115JA2O8EWFXWWUKHVS8S46UXTFDB0,Find the Website Address for Museums,"Given the museum information, find the URL for their official website","data collection, museums, listings",$0.05 ,Fri Feb 11 17:46:52 GMT 2011,3,,72000,432000,Wed Feb 16 17:46:52 GMT 2011,1,,162674LCO1QE1CFEIEKISIIXKSHRQ9,A1AA8K11MNMZPA,Submitted,Fri Feb 11 18:01:15 GMT 2011,Fri Feb 11 18:01:53 GMT 2011,Wed Feb 16 10:01:53 PST 2011,,,,38,0% (0/0),Austin Science & Nature Center,,,http://www.ci.austin.tx.us/ansc/,x,
1GZH1S832PZ1CI1BM98OEEGRRLNHQ8,115JA2O8EWFXWWUKHVS8S46UXTFDB0,Find the Website Address for Museums,"Given the museum information, find the URL for their official website","data collection, museums, listings",$0.05 ,Fri Feb 11 17:46:52 GMT 2011,3,,72000,432000,Wed Feb 16 17:46:52 GMT 2011,1,,1C8TZAEYJHGABOG3JHFFC0JM3XMXSZ,A24YBVOWKQWQP0,Submitted,Fri Feb 11 17:52:51 GMT 2011,Fri Feb 11 17:53:03 GMT 2011,Wed Feb 16 17:53:03 GMT 2011,,,,12,0% (0/0),Austin Science & Nature Center,,,http://www.ci.austin.tx.us/ansc/,x,
1GDX73DSHJ5YFB8A87N1SS8OWEHSAW,115JA2O8EWFXWWUKHVS8S46UXTFDB0,Find the Website Address for Museums,"Given the museum information, find the URL for their official website","data collection, museums, listings",$0.05 ,Fri Feb 11 17:46:52 GMT 2011,3,,72000,432000,Wed Feb 16 17:46:52 GMT 2011,0,,18I4T4AYNVMTB2PIJN9T6TJFZSSFSS,AM0JKZVOEOTMA,Submitted,Fri Feb 11 18:09:12 GMT 2011,Fri Feb 11 18:09:45 GMT 2011,Wed Feb 16 10:09:45 PST 2011,,,,33,0% (0/0),Texas Department of Public Safety Historical Museum,,,http://texasdpsmuseum.com,x,
1GDX73DSHJ5YFB8A87N1SS8OWEHSAW,115JA2O8EWFXWWUKHVS8S46UXTFDB0,Find the Website Address for Museums,"Given the museum information, find the URL for their official website","data collection, museums, listings",$0.05 ,Fri Feb 11 17:46:52 GMT 2011,3,,72000,432000,Wed Feb 16 17:46:52 GMT 2011,0,,1HIEY02M2HCQHGWI0MIDX4ICNQCIL8,A17RPF5ZMO75GW,Submitted,Fri Feb 11 18:07:56 GMT 2011,Fri Feb 11 18:09:09 GMT 2011,Wed Feb 16 18:09:09 GMT 2011,,,,73,0% (0/0),Texas Department of Public Safety Historical Museum,,,http://texasdpsmuseum.com/,x,
1GDX73DSHJ5YFB8A87N1SS8OWEHSAW,115JA2O8EWFXWWUKHVS8S46UXTFDB0,Find the Website Address for Museums,"Given the museum information, find the URL for their official website","data collection, museums, listings",$0.05 ,Fri Feb 11 17:46:52 GMT 2011,3,,72000,432000,Wed Feb 16 17:46:52 GMT 2011,0,,1MHW9AEBPLT2KO21DCUDYGU1PAQTEC,ALRX4ZQ2NB4I6,Submitted,Fri Feb 11 17:58:00 GMT 2011,Fri Feb 11 17:59:35 GMT 2011,Wed Feb 16 17:59:35 GMT 2011,,,,95,0% (0/0),Texas Department of Public Safety Historical Museum,,,http://texasdpsmuseum.com,x,
1UY6HEOLFKBT9NMI5RAE6M7P0YQCJ3,115JA2O8EWFXWWUKHVS8S46UXTFDB0,Find the Website Address for Museums,"Given the museum information, find the URL for their official website","data collection, museums, listings",$0.05 ,Fri Feb 11 17:46:52 GMT 2011,3,,72000,432000,Wed Feb 16 17:46:52 GMT 2011,27,,18XCYXN9SGAHXZ1961XVSUZWZ3E8Z8,A32M5FDKCPHMA,Submitted,Fri Feb 11 17:53:17 GMT 2011,Fri Feb 11 17:53:37 GMT 2011,Wed Feb 16 17:53:37 GMT 2011,,,,20,0% (0/0),Texas Music Museum,,,http://www.texasmusicmuseum.org,x,
1UY6HEOLFKBT9NMI5RAE6M7P0YQCJ3,115JA2O8EWFXWWUKHVS8S46UXTFDB0,Find the Website Address for Museums,"Given the museum information, find the URL for their official website","data collection, museums, listings",$0.05 ,Fri Feb 11 17:46:52 GMT 2011,3,,72000,432000,Wed Feb 16 17:46:52 GMT 2011,27,,1HWJHA7E8VCMCRGOI43D95XC050LJM,A1KCCOOI9JBBZU,Submitted,Fri Feb 11 17:53:01 GMT 2011,Fri Feb 11 17:53:46 GMT 2011,Wed Feb 16 09:53:46 PST 2011,,,,45,0% (0/0),Texas Music Museum,,,http://texasmusicmuseum.org/,x,
1UY6HEOLFKBT9NMI5RAE6M7P0YQCJ3,115JA2O8EWFXWWUKHVS8S46UXTFDB0,Find the Website Address for Museums,"Given the museum information, find the URL for their official website","data collection, museums, listings",$0.05 ,Fri Feb 11 17:46:52 GMT 2011,3,,72000,432000,Wed Feb 16 17:46:52 GMT 2011,27,,1UKS9WKLEFFJJHUK9N7NNW1NEK17PZ,A24YBVOWKQWQP0,Submitted,Fri Feb 11 17:48:36 GMT 2011,Fri Feb 11 17:48:50 GMT 2011,Wed Feb 16 17:48:50 GMT 2011,,,,14,0% (0/0),Texas Music Museum,,,http://www.texasmusicmuseum.org/,x,
14BLAYH935Y706DG72O5KP7NMG14Q9,115JA2O8EWFXWWUKHVS8S46UXTFDB0,Find the Website Address for Museums,"Given the museum information, find the URL for their official website","data collection, museums, listings",$0.05 ,Fri Feb 11 17:46:52 GMT 2011,3,,72000,432000,Wed Feb 16 17:46:52 GMT 2011,0,,191RXEJ60KC6WFXXYI7U63YDLK0WHL,ANPT7EXBQWHNF,Submitted,Fri Feb 11 17:56:35 GMT 2011,Fri Feb 11 17:57:03 GMT 2011,Wed Feb 16 17:57:03 GMT 2011,,,,28,0% (0/0),Texas Folklife,,,http://www.texasfolklife.org/home.html,x,
14BLAYH935Y706DG72O5KP7NMG14Q9,115JA2O8EWFXWWUKHVS8S46UXTFDB0,Find the Website Address for Museums,"Given the museum information, find the URL for their official website","data collection, museums, listings",$0.05 ,Fri Feb 11 17:46:52 GMT 2011,3,,72000,432000,Wed Feb 16 17:46:52 GMT 2011,0,,1C2OY33AY3R2D30MXBXIFA2S0U7883,A24YBVOWKQWQP0,Submitted,Fri Feb 11 17:50:27 GMT 2011,Fri Feb 11 17:50:36 GMT 2011,Wed Feb 16 17:50:36 GMT 2011,,,,9,0% (0/0),Texas Folklife,,,http://www.texasfolklife.org/,x,
14BLAYH935Y706DG72O5KP7NMG14Q9,115JA2O8EWFXWWUKHVS8S46UXTFDB0,Find the Website Address for Museums,"Given the museum information, find the URL for their official website","data collection, museums, listings",$0.05 ,Fri Feb 11 17:46:52 GMT 2011,3,,72000,432000,Wed Feb 16 17:46:52 GMT 2011,0,,1U4C5M8ROZEHB4KJBT39SQU7J9X9ZZ,ALRX4ZQ2NB4I6,Submitted,Fri Feb 11 18:01:46 GMT 2011,Fri Feb 11 18:02:27 GMT 2011,Wed Feb 16 10:02:27 PST 2011,,,,41,0% (0/0),Texas Folklife,,,http://www.texasfolklife.org/home.html,x,
16ZI344J8Z6Y7TCH4FT1C2Z9P4XME9,115JA2O8EWFXWWUKHVS8S46UXTFDB0,Find the Website Address for Museums,"Given the museum information, find the URL for their official website","data collection, museums, listings",$0.05 ,Fri Feb 11 17:46:52 GMT 2011,3,,72000,432000,Wed Feb 16 17:46:52 GMT 2011,31,,1N587NYR2SKDPYGOEDXT9EVSF74HSR,A1HTDRTXANRYDS,Submitted,Fri Feb 11 17:48:44 GMT 2011,Fri Feb 11 17:49:23 GMT 2011,Wed Feb 16 17:49:23 GMT 2011,,,,39,0% (0/0),Women & Their Work,,,http://www.womenandtheirwork.org/,x,
16ZI344J8Z6Y7TCH4FT1C2Z9P4XME9,115JA2O8EWFXWWUKHVS8S46UXTFDB0,Find the Website Address for Museums,"Given the museum information, find the URL for their official website","data collection, museums, listings",$0.05 ,Fri Feb 11 17:46:52 GMT 2011,3,,72000,432000,Wed Feb 16 17:46:52 GMT 2011,31,,1N9DW3S9K7K1OJGBZOXOJ4QWT5MHR4,A1AA8K11MNMZPA,Submitted,Fri Feb 11 18:01:53 GMT 2011,Fri Feb 11 18:02:36 GMT 2011,Wed Feb 16 10:02:36 PST 2011,,,,43,0% (0/0),Women & Their Work,,,http://www.womenandtheirwork.org/,x,
16ZI344J8Z6Y7TCH4FT1C2Z9P4XME9,115JA2O8EWFXWWUKHVS8S46UXTFDB0,Find the Website Address for Museums,"Given the museum information, find the URL for their official website","data collection, museums, listings",$0.05 ,Fri Feb 11 17:46:52 GMT 2011,3,,72000,432000,Wed Feb 16 17:46:52 GMT 2011,31,,1X5WSPIP4W31S03AFQUYIZ8NU38KZ3,A24YBVOWKQWQP0,Submitted,Fri Feb 11 17:50:36 GMT 2011,Fri Feb 11 17:50:47 GMT 2011,Wed Feb 16 17:50:47 GMT 2011,,,,11,0% (0/0),Women & Their Work,,,http://www.womenandtheirwork.org/,x,
1X2POJYXNZ7ZH97JBUMXZD3M9581YW,115JA2O8EWFXWWUKHVS8S46UXTFDB0,Find the Website Address for Museums,"Given the museum information, find the URL for their official website","data collection, museums, listings",$0.05 ,Fri Feb 11 17:46:52 GMT 2011,3,,72000,432000,Wed Feb 16 17:46:52 GMT 2011,1,,1C5IZEBZP20ME66EF2482MB3CFN1CJ,A17RPF5ZMO75GW,Submitted,Fri Feb 11 17:56:54 GMT 2011,Fri Feb 11 17:57:22 GMT 2011,Wed Feb 16 17:57:22 GMT 2011,,,,28,0% (0/0),Dougherty Arts Center,,,http://www.ci.austin.tx.us/dougherty/,x,
1X2POJYXNZ7ZH97JBUMXZD3M9581YW,115JA2O8EWFXWWUKHVS8S46UXTFDB0,Find the Website Address for Museums,"Given the museum information, find the URL for their official website","data collection, museums, listings",$0.05 ,Fri Feb 11 17:46:52 GMT 2011,3,,72000,432000,Wed Feb 16 17:46:52 GMT 2011,1,,1EXU4LDCA5YWLOXMTD70607SHSNGY5,A37Y5CTJ8HCQER,Submitted,Fri Feb 11 17:55:33 GMT 2011,Fri Feb 11 17:57:34 GMT 2011,Wed Feb 16 09:57:34 PST 2011,,,,121,0% (0/0),Dougherty Arts Center,,,http://www.ci.austin.tx.us/dougherty/,x,
1X2POJYXNZ7ZH97JBUMXZD3M9581YW,115JA2O8EWFXWWUKHVS8S46UXTFDB0,Find the Website Address for Museums,"Given the museum information, find the URL for their official website","data collection, museums, listings",$0.05 ,Fri Feb 11 17:46:52 GMT 2011,3,,72000,432000,Wed Feb 16 17:46:52 GMT 2011,1,,1WFC6ZYSL4K6HFRRMQAOSST53HSPTT,A24YBVOWKQWQP0,Submitted,Fri Feb 11 17:50:10 GMT 2011,Fri Feb 11 17:50:26 GMT 2011,Wed Feb 16 17:50:26 GMT 2011,,,,16,0% (0/0),Dougherty Arts Center,,,http://www.ci.austin.tx.us/dougherty/,x,
183PRJGRTK7OK7S0NCAQ7172FNQKCA,115JA2O8EWFXWWUKHVS8S46UXTFDB0,Find the Website Address for Museums,"Given the museum information, find the URL for their official website","data collection, museums, listings",$0.05 ,Fri Feb 11 17:46:52 GMT 2011,3,,72000,432000,Wed Feb 16 17:46:52 GMT 2011,29,,1GZDBYQJC4VE1BUW43SMCPKKVX4LE1,A1KCCOOI9JBBZU,Submitted,Fri Feb 11 17:52:07 GMT 2011,Fri Feb 11 17:52:31 GMT 2011,Wed Feb 16 09:52:31 PST 2011,,,,24,0% (0/0),Texas Military Forces Museum,,,http://www.texasmilitaryforcesmuseum.org/,x,
183PRJGRTK7OK7S0NCAQ7172FNQKCA,115JA2O8EWFXWWUKHVS8S46UXTFDB0,Find the Website Address for Museums,"Given the museum information, find the URL for their official website","data collection, museums, listings",$0.05 ,Fri Feb 11 17:46:52 GMT 2011,3,,72000,432000,Wed Feb 16 17:46:52 GMT 2011,29,,1HYOD421QNGQDJAF1GQ3DCRF7OJ0RK,A1AA8K11MNMZPA,Submitted,Fri Feb 11 17:52:01 GMT 2011,Fri Feb 11 17:52:53 GMT 2011,Wed Feb 16 09:52:53 PST 2011,,,,52,0% (0/0),Texas Military Forces Museum,,,http://www.texasmilitaryforcesmuseum.org/,x,
183PRJGRTK7OK7S0NCAQ7172FNQKCA,115JA2O8EWFXWWUKHVS8S46UXTFDB0,Find the Website Address for Museums,"Given the museum information, find the URL for their official website","data collection, museums, listings",$0.05 ,Fri Feb 11 17:46:52 GMT 2011,3,,72000,432000,Wed Feb 16 17:46:52 GMT 2011,29,,1NHGPMTJOE7DYEX7H7FV6S7S9FQ7M3,A24YBVOWKQWQP0,Submitted,Fri Feb 11 17:48:25 GMT 2011,Fri Feb 11 17:48:36 GMT 2011,Wed Feb 16 17:48:36 GMT 2011,,,,11,0% (0/0),Texas Military Forces Museum,,,http://www.texasmilitaryforcesmuseum.org/,x,
17QHI99E6VWJDY563QIX24AIZTNUB9,115JA2O8EWFXWWUKHVS8S46UXTFDB0,Find the Website Address for Museums,"Given the museum information, find the URL for their official website","data collection, museums, listings",$0.05 ,Fri Feb 11 17:46:52 GMT 2011,3,,72000,432000,Wed Feb 16 17:46:52 GMT 2011,0,,1C210QTY61DK23G1YQO300FKMO218D,ANPT7EXBQWHNF,Submitted,Fri Feb 11 17:56:04 GMT 2011,Fri Feb 11 17:56:35 GMT 2011,Wed Feb 16 09:56:35 PST 2011,,,,31,0% (0/0),Museum of Natural & Artificial Ephemerata,,,http://mnae.org/,x,
17QHI99E6VWJDY563QIX24AIZTNUB9,115JA2O8EWFXWWUKHVS8S46UXTFDB0,Find the Website Address for Museums,"Given the museum information, find the URL for their official website","data collection, museums, listings",$0.05 ,Fri Feb 11 17:46:52 GMT 2011,3,,72000,432000,Wed Feb 16 17:46:52 GMT 2011,0,,1OJIVL4P2V39FVR2TBHUBL5OX7PJ0B,A24YBVOWKQWQP0,Submitted,Fri Feb 11 17:54:18 GMT 2011,Fri Feb 11 17:54:30 GMT 2011,Wed Feb 16 17:54:30 GMT 2011,,,,12,0% (0/0),Museum of Natural & Artificial Ephemerata,,,http://mnae.org/,x,
17QHI99E6VWJDY563QIX24AIZTNUB9,115JA2O8EWFXWWUKHVS8S46UXTFDB0,Find the Website Address for Museums,"Given the museum information, find the URL for their official website","data collection, museums, listings",$0.05 ,Fri Feb 11 17:46:52 GMT 2011,3,,72000,432000,Wed Feb 16 17:46:52 GMT 2011,0,,1VJGXUY7FBXRMSPJSCX2PHB98PAWAA,A2TCNISQXXHJ9N,Submitted,Fri Feb 11 17:55:43 GMT 2011,Fri Feb 11 17:56:01 GMT 2011,Wed Feb 16 09:56:01 PST 2011,,,,18,0% (0/0),Museum of Natural & Artificial Ephemerata,,,http://mnae.org/,x,
198VG7E916T7S45QVKBIB2NJ6GIF7A,115JA2O8EWFXWWUKHVS8S46UXTFDB0,Find the Website Address for Museums,"Given the museum information, find the URL for their official website","data collection, museums, listings",$0.05 ,Fri Feb 11 17:46:52 GMT 2011,3,,72000,432000,Wed Feb 16 17:46:52 GMT 2011,0,,13YSITIV85VQ1IVFO1138MHAB2IQ0A,ALRX4ZQ2NB4I6,Submitted,Fri Feb 11 18:08:47 GMT 2011,Fri Feb 11 18:08:56 GMT 2011,Wed Feb 16 10:08:56 PST 2011,,,,9,0% (0/0),Republic of Texas Museum,,,http://www.drtinfo.org,,x
198VG7E916T7S45QVKBIB2NJ6GIF7A,115JA2O8EWFXWWUKHVS8S46UXTFDB0,Find the Website Address for Museums,"Given the museum information, find the URL for their official website","data collection, museums, listings",$0.05 ,Fri Feb 11 17:46:52 GMT 2011,3,,72000,432000,Wed Feb 16 17:46:52 GMT 2011,0,,1D7DOZS00LBZ5E9XT1IFQC6V96BV4N,A17RPF5ZMO75GW,Submitted,Fri Feb 11 17:53:10 GMT 2011,Fri Feb 11 17:56:33 GMT 2011,Wed Feb 16 17:56:33 GMT 2011,,,,203,0% (0/0),Republic of Texas Museum,,,http://www.drtinfo.org/preservation/museums/republic-of-texas-museum,x,
198VG7E916T7S45QVKBIB2NJ6GIF7A,115JA2O8EWFXWWUKHVS8S46UXTFDB0,Find the Website Address for Museums,"Given the museum information, find the URL for their official website","data collection, museums, listings",$0.05 ,Fri Feb 11 17:46:52 GMT 2011,3,,72000,432000,Wed Feb 16 17:46:52 GMT 2011,0,,1Y917FEG2KHKG8ZB3IUH0WAV6UJ919,AM0JKZVOEOTMA,Submitted,Fri Feb 11 17:53:39 GMT 2011,Fri Feb 11 17:53:52 GMT 2011,Wed Feb 16 17:53:52 GMT 2011,,,,13,0% (0/0),Republic of Texas Museum,,,http://www.starmuseum.org,,x
15UCP1ZDH983I5XC3MPG9PM73CMWXJ,115JA2O8EWFXWWUKHVS8S46UXTFDB0,Find the Website Address for Museums,"Given the museum information, find the URL for their official website","data collection, museums, listings",$0.05 ,Fri Feb 11 17:46:52 GMT 2011,3,,72000,432000,Wed Feb 16 17:46:52 GMT 2011,33,,12FQ08DUJPGFF7MHCQTTVC1X8SVCWS,A1KCCOOI9JBBZU,Submitted,Fri Feb 11 17:47:54 GMT 2011,Fri Feb 11 17:48:27 GMT 2011,Wed Feb 16 09:48:27 PST 2011,,,,33,0% (0/0),Pioneer Farms,,,http://www.pioneerfarms.org,x,
15UCP1ZDH983I5XC3MPG9PM73CMWXJ,115JA2O8EWFXWWUKHVS8S46UXTFDB0,Find the Website Address for Museums,"Given the museum information, find the URL for their official website","data collection, museums, listings",$0.05 ,Fri Feb 11 17:46:52 GMT 2011,3,,72000,432000,Wed Feb 16 17:46:52 GMT 2011,33,,19NX73DSHJ5YFB8A87N1SS8O2CDSAQ,A1HTDRTXANRYDS,Submitted,Fri Feb 11 17:47:58 GMT 2011,Fri Feb 11 17:48:17 GMT 2011,Wed Feb 16 17:48:17 GMT 2011,,,,19,0% (0/0),Pioneer Farms,,,http://www.bing.com/search?setmkt=en-US&q=Pioneer+Farms,,x
15UCP1ZDH983I5XC3MPG9PM73CMWXJ,115JA2O8EWFXWWUKHVS8S46UXTFDB0,Find the Website Address for Museums,"Given the museum information, find the URL for their official website","data collection, museums, listings",$0.05 ,Fri Feb 11 17:46:52 GMT 2011,3,,72000,432000,Wed Feb 16 17:46:52 GMT 2011,33,,1B4S3NB39GO6T5MVZN4N2JFMNDMURG,A1DX0O7J1K5WT2,Submitted,Fri Feb 11 17:48:41 GMT 2011,Fri Feb 11 17:48:56 GMT 2011,Wed Feb 16 09:48:56 PST 2011,,,,15,0% (0/0),Pioneer Farms,,,http://www.pioneerfarms.org/,x,
1UZDW3S9K7K1OJGBZOXOJ4QWN7PHR9,115JA2O8EWFXWWUKHVS8S46UXTFDB0,Find the Website Address for Museums,"Given the museum information, find the URL for their official website","data collection, museums, listings",$0.05 ,Fri Feb 11 17:46:52 GMT 2011,3,,72000,432000,Wed Feb 16 17:46:52 GMT 2011,5,,1BP35128C1ZYR6OV7WGKP9LRII1OH1,ALRX4ZQ2NB4I6,Submitted,Fri Feb 11 18:02:27 GMT 2011,Fri Feb 11 18:03:22 GMT 2011,Wed Feb 16 10:03:22 PST 2011,,,,55,0% (0/0),Center for American History,,,http://www.cah.utexas.edu,x,
1UZDW3S9K7K1OJGBZOXOJ4QWN7PHR9,115JA2O8EWFXWWUKHVS8S46UXTFDB0,Find the Website Address for Museums,"Given the museum information, find the URL for their official website","data collection, museums, listings",$0.05 ,Fri Feb 11 17:46:52 GMT 2011,3,,72000,432000,Wed Feb 16 17:46:52 GMT 2011,5,,1QXRJ90WVS6SWJ2MECPCL3MC6KNWGM,AM0JKZVOEOTMA,Submitted,Fri Feb 11 17:56:47 GMT 2011,Fri Feb 11 18:00:13 GMT 2011,Wed Feb 16 18:00:13 GMT 2011,,,,206,0% (0/0),Center for American History,,,http://www.cah.utexas.edu,x,
1UZDW3S9K7K1OJGBZOXOJ4QWN7PHR9,115JA2O8EWFXWWUKHVS8S46UXTFDB0,Find the Website Address for Museums,"Given the museum information, find the URL for their official website","data collection, museums, listings",$0.05 ,Fri Feb 11 17:46:52 GMT 2011,3,,72000,432000,Wed Feb 16 17:46:52 GMT 2011,5,,1W2ZRIEFX41EDAXPC6SKMO9E23OFOU,A24YBVOWKQWQP0,Submitted,Fri Feb 11 17:49:32 GMT 2011,Fri Feb 11 17:49:47 GMT 2011,Wed Feb 16 17:49:47 GMT 2011,,,,15,0% (0/0),Center for American History,,,http://www.cah.utexas.edu/,x,
1OV174IOR9BQD7CDZQD7UKK915CMFR,115JA2O8EWFXWWUKHVS8S46UXTFDB0,Find the Website Address for Museums,"Given the museum information, find the URL for their official website","data collection, museums, listings",$0.05 ,Fri Feb 11 17:46:52 GMT 2011,3,,72000,432000,Wed Feb 16 17:46:52 GMT 2011,1,,111YIUA8UBA6BSU92HTOR0PGHRGAXH,ALRX4ZQ2NB4I6,Submitted,Fri Feb 11 17:54:35 GMT 2011,Fri Feb 11 17:55:18 GMT 2011,Wed Feb 16 09:55:18 PST 2011,,,,43,0% (0/0),Museum of the Weird,,,http://www.museumoftheweird.com,x,
1OV174IOR9BQD7CDZQD7UKK915CMFR,115JA2O8EWFXWWUKHVS8S46UXTFDB0,Find the Website Address for Museums,"Given the museum information, find the URL for their official website","data collection, museums, listings",$0.05 ,Fri Feb 11 17:46:52 GMT 2011,3,,72000,432000,Wed Feb 16 17:46:52 GMT 2011,1,,19BMTVAIKAAKGUAAQG08I8J3HQK2I2,A24YBVOWKQWQP0,Submitted,Fri Feb 11 17:49:20 GMT 2011,Fri Feb 11 17:49:31 GMT 2011,Wed Feb 16 17:49:31 GMT 2011,,,,11,0% (0/0),Museum of the Weird,,,http://www.museumoftheweird.com/,x,
1OV174IOR9BQD7CDZQD7UKK915CMFR,115JA2O8EWFXWWUKHVS8S46UXTFDB0,Find the Website Address for Museums,"Given the museum information, find the URL for their official website","data collection, museums, listings",$0.05 ,Fri Feb 11 17:46:52 GMT 2011,3,,72000,432000,Wed Feb 16 17:46:52 GMT 2011,1,,1A851AV1K8E93U6MDIEYHG3MYWLVFC,A37Y5CTJ8HCQER,Submitted,Fri Feb 11 17:53:02 GMT 2011,Fri Feb 11 17:53:50 GMT 2011,Wed Feb 16 17:53:50 GMT 2011,,,,48,0% (0/0),Museum of the Weird,,,http://www.museumoftheweird.com/,x,
19E6XHO34SYCC6LS0Q6ZXZL2D5GZLQ,115JA2O8EWFXWWUKHVS8S46UXTFDB0,Find the Website Address for Museums,"Given the museum information, find the URL for their official website","data collection, museums, listings",$0.05 ,Fri Feb 11 17:46:52 GMT 2011,3,,72000,432000,Wed Feb 16 17:46:52 GMT 2011,29,,1D5HTICSN2OY5R82CHO923G3RJ95YC,ANPT7EXBQWHNF,Submitted,Fri Feb 11 17:54:30 GMT 2011,Fri Feb 11 17:55:00 GMT 2011,Wed Feb 16 09:55:00 PST 2011,,,,30,0% (0/0),Goodwill Computer Museum,,,http://www.austincomputerworks.org/museum/,x,
19E6XHO34SYCC6LS0Q6ZXZL2D5GZLQ,115JA2O8EWFXWWUKHVS8S46UXTFDB0,Find the Website Address for Museums,"Given the museum information, find the URL for their official website","data collection, museums, listings",$0.05 ,Fri Feb 11 17:46:52 GMT 2011,3,,72000,432000,Wed Feb 16 17:46:52 GMT 2011,29,,1USCYLP7QQXLE7U36GN6TZACMGXUNS,A1AA8K11MNMZPA,Submitted,Fri Feb 11 17:48:45 GMT 2011,Fri Feb 11 17:49:29 GMT 2011,Wed Feb 16 17:49:29 GMT 2011,,,,44,0% (0/0),Goodwill Computer Museum,,,http://www.goodwillcomputermuseum.org/,x,
19E6XHO34SYCC6LS0Q6ZXZL2D5GZLQ,115JA2O8EWFXWWUKHVS8S46UXTFDB0,Find the Website Address for Museums,"Given the museum information, find the URL for their official website","data collection, museums, listings",$0.05 ,Fri Feb 11 17:46:52 GMT 2011,3,,72000,432000,Wed Feb 16 17:46:52 GMT 2011,29,,1XIQHRTVCUC49ZXLMRKQH1XM2UCXD5,A1DX0O7J1K5WT2,Submitted,Fri Feb 11 17:51:00 GMT 2011,Fri Feb 11 17:52:02 GMT 2011,Wed Feb 16 17:52:02 GMT 2011,,,,62,0% (0/0),Goodwill Computer Museum,,,http://www.goodwillcomputermuseum.org/,x,
